<?xml version="1.0" encoding="UTF-8" standalone="yes"?>
<root xmlns:xsi="http://www.w3.org/2001/XMLSchema-instance">
	<population>
		<area>서울특별시</area>
		<total>9733655</total>
		<man>4742217</man>
		<woman>4991438</woman>
	</population>
	<population>
		<area>종로구</area>
		<total>151217</total>
		<man>73704</man>
		<woman>77513</woman>
	</population>
	<population>
		<area>중구</area>
		<total>126175</total>
		<man>61839</man>
		<woman>64336</woman>
	</population>
	<population>
		<area>용산구</area>
		<total>229579</total>
		<man>110667</man>
		<woman>118912</woman>
	</population>
	<population>
		<area>성동구</area>
		<total>299042</total>
		<man>146300</man>
		<woman>152742</woman>
	</population>
	<population>
		<area>광진구</area>
		<total>350417</total>
		<man>169568</man>
		<woman>180849</woman>
	</population>
	<population>
		<area>동대문구</area>
		<total>346156</total>
		<man>171896</man>
		<woman>174260</woman>
	</population>
	<population>
		<area>중랑구</area>
		<total>395619</total>
		<man>196076</man>
		<woman>199543</woman>
	</population>
	<population>
		<area>성북구</area>
		<total>442494</total>
		<man>213926</man>
		<woman>228568</woman>
	</population>
	<population>
		<area>강북구</area>
		<total>312985</total>
		<man>152747</man>
		<woman>160238</woman>
	</population>
	<population>
		<area>도봉구</area>
		<total>331238</total>
		<man>161879</man>
		<woman>169359</woman>
	</population>
	<population>
		<area>노원구</area>
		<total>531037</total>
		<man>256726</man>
		<woman>274311</woman>
	</population>
	<population>
		<area>은평구</area>
		<total>478019</total>
		<man>230147</man>
		<woman>247872</woman>
	</population>
	<population>
		<area>서대문구</area>
		<total>312642</total>
		<man>150051</man>
		<woman>162591</woman>
	</population>
	<population>
		<area>마포구</area>
		<total>374570</total>
		<man>176943</man>
		<woman>197627</woman>
	</population>
	<population>
		<area>양천구</area>
		<total>456339</total>
		<man>224241</man>
		<woman>232098</woman>
	</population>
	<population>
		<area>강서구</area>
		<total>589302</total>
		<man>285085</man>
		<woman>304217</woman>
	</population>
	<population>
		<area>구로구</area>
		<total>405837</total>
		<man>200558</man>
		<woman>205279</woman>
	</population>
	<population>
		<area>금천구</area>
		<total>232583</total>
		<man>118044</man>
		<woman>114539</woman>
	</population>
	<population>
		<area>영등포구</area>
		<total>371903</total>
		<man>184316</man>
		<woman>187587</woman>
	</population>
	<population>
		<area>동작구</area>
		<total>395014</total>
		<man>191272</man>
		<woman>203742</woman>
	</population>
	<population>
		<area>관악구</area>
		<total>499374</total>
		<man>250743</man>
		<woman>248631</woman>
	</population>
	<population>
		<area>서초구</area>
		<total>430568</total>
		<man>205787</man>
		<woman>224781</woman>
	</population>
	<population>
		<area>강남구</area>
		<total>544804</total>
		<man>260654</man>
		<woman>284150</woman>
	</population>
	<population>
		<area>송파구</area>
		<total>674095</total>
		<man>325859</man>
		<woman>348236</woman>
	</population>
	<population>
		<area>강동구</area>
		<total>452646</total>
		<man>223189</man>
		<woman>229457</woman>
	</population>
	<population>
		<area>부산광역시</area>
		<total>3409932</total>
		<man>1672252</man>
		<woman>1737680</woman>
	</population>
	<population>
		<area>중구</area>
		<total>41764</total>
		<man>20454</man>
		<woman>21310</woman>
	</population>
	<population>
		<area>서구</area>
		<total>107669</total>
		<man>52230</man>
		<woman>55439</woman>
	</population>
	<population>
		<area>동구</area>
		<total>89289</total>
		<man>43844</man>
		<woman>45445</woman>
	</population>
	<population>
		<area>영도구</area>
		<total>115886</total>
		<man>57150</man>
		<woman>58736</woman>
	</population>
	<population>
		<area>부산진구</area>
		<total>356661</total>
		<man>172634</man>
		<woman>184027</woman>
	</population>
	<population>
		<area>동래구</area>
		<total>272319</total>
		<man>132743</man>
		<woman>139576</woman>
	</population>
	<population>
		<area>남구</area>
		<total>272381</total>
		<man>133353</man>
		<woman>139028</woman>
	</population>
	<population>
		<area>북구</area>
		<total>289575</total>
		<man>143363</man>
		<woman>146212</woman>
	</population>
	<population>
		<area>해운대구</area>
		<total>405155</total>
		<man>195405</man>
		<woman>209750</woman>
	</population>
	<population>
		<area>사하구</area>
		<total>318866</total>
		<man>159079</man>
		<woman>159787</woman>
	</population>
	<population>
		<area>금정구</area>
		<total>237508</total>
		<man>116174</man>
		<woman>121334</woman>
	</population>
	<population>
		<area>강서구</area>
		<total>131140</total>
		<man>67778</man>
		<woman>63362</woman>
	</population>
	<population>
		<area>연제구</area>
		<total>210326</total>
		<man>101595</man>
		<woman>108731</woman>
	</population>
	<population>
		<area>수영구</area>
		<total>176967</total>
		<man>83806</man>
		<woman>93161</woman>
	</population>
	<population>
		<area>사상구</area>
		<total>216840</total>
		<man>109636</man>
		<woman>107204</woman>
	</population>
	<population>
		<area>기장군</area>
		<total>167586</total>
		<man>83008</man>
		<woman>84578</woman>
	</population>
	<population>
		<area>대구광역시</area>
		<total>2433568</total>
		<man>1202273</man>
		<woman>1231295</woman>
	</population>
	<population>
		<area>중구</area>
		<total>77136</total>
		<man>37161</man>
		<woman>39975</woman>
	</population>
	<population>
		<area>동구</area>
		<total>343933</total>
		<man>169683</man>
		<woman>174250</woman>
	</population>
	<population>
		<area>서구</area>
		<total>174042</total>
		<man>87337</man>
		<woman>86705</woman>
	</population>
	<population>
		<area>남구</area>
		<total>148083</total>
		<man>71248</man>
		<woman>76835</woman>
	</population>
	<population>
		<area>북구</area>
		<total>436847</total>
		<man>217669</man>
		<woman>219178</woman>
	</population>
	<population>
		<area>수성구</area>
		<total>428777</total>
		<man>208075</man>
		<woman>220702</woman>
	</population>
	<population>
		<area>달서구</area>
		<total>567978</total>
		<man>280655</man>
		<woman>287323</woman>
	</population>
	<population>
		<area>달성군</area>
		<total>256772</total>
		<man>130445</man>
		<woman>126327</woman>
	</population>
	<population>
		<area>인천광역시</area>
		<total>2952689</total>
		<man>1479839</man>
		<woman>1472850</woman>
	</population>
	<population>
		<area>중구</area>
		<total>137587</total>
		<man>71205</man>
		<woman>66382</woman>
	</population>
	<population>
		<area>동구</area>
		<total>64039</total>
		<man>32314</man>
		<woman>31725</woman>
	</population>
	<population>
		<area>미추홀구</area>
		<total>406829</total>
		<man>204964</man>
		<woman>201865</woman>
	</population>
	<population>
		<area>연수구</area>
		<total>370796</total>
		<man>184450</man>
		<woman>186346</woman>
	</population>
	<population>
		<area>남동구</area>
		<total>531960</total>
		<man>264508</man>
		<woman>267452</woman>
	</population>
	<population>
		<area>부평구</area>
		<total>506682</total>
		<man>251023</man>
		<woman>255659</woman>
	</population>
	<population>
		<area>계양구</area>
		<total>301395</total>
		<man>150492</man>
		<woman>150903</woman>
	</population>
	<population>
		<area>서구</area>
		<total>544034</total>
		<man>274696</man>
		<woman>269338</woman>
	</population>
	<population>
		<area>강화군</area>
		<total>68996</total>
		<man>34595</man>
		<woman>34401</woman>
	</population>
	<population>
		<area>옹진군</area>
		<total>20371</total>
		<man>11592</man>
		<woman>8779</woman>
	</population>
	<population>
		<area>광주광역시</area>
		<total>1455705</total>
		<man>720460</man>
		<woman>735245</woman>
	</population>
	<population>
		<area>동구</area>
		<total>98628</total>
		<man>48750</man>
		<woman>49878</woman>
	</population>
	<population>
		<area>서구</area>
		<total>300292</total>
		<man>147355</man>
		<woman>152937</woman>
	</population>
	<population>
		<area>남구</area>
		<total>217810</total>
		<man>104881</man>
		<woman>112929</woman>
	</population>
	<population>
		<area>북구</area>
		<total>433006</total>
		<man>215039</man>
		<woman>217967</woman>
	</population>
	<population>
		<area>광산구</area>
		<total>405969</total>
		<man>204435</man>
		<woman>201534</woman>
	</population>
	<population>
		<area>대전광역시</area>
		<total>1471858</total>
		<man>735179</man>
		<woman>736679</woman>
	</population>
	<population>
		<area>동구</area>
		<total>225302</total>
		<man>113690</man>
		<woman>111612</woman>
	</population>
	<population>
		<area>중구</area>
		<total>239635</total>
		<man>118361</man>
		<woman>121274</woman>
	</population>
	<population>
		<area>서구</area>
		<total>481135</total>
		<man>236924</man>
		<woman>244211</woman>
	</population>
	<population>
		<area>유성구</area>
		<total>350055</total>
		<man>176785</man>
		<woman>173270</woman>
	</population>
	<population>
		<area>대덕구</area>
		<total>175731</total>
		<man>89419</man>
		<woman>86312</woman>
	</population>
	<population>
		<area>울산광역시</area>
		<total>1144563</total>
		<man>588127</man>
		<woman>556436</woman>
	</population>
	<population>
		<area>중구</area>
		<total>221702</total>
		<man>112512</man>
		<woman>109190</woman>
	</population>
	<population>
		<area>남구</area>
		<total>323320</total>
		<man>164896</man>
		<woman>158424</woman>
	</population>
	<population>
		<area>동구</area>
		<total>158477</total>
		<man>82841</man>
		<woman>75636</woman>
	</population>
	<population>
		<area>북구</area>
		<total>218353</total>
		<man>112967</man>
		<woman>105386</woman>
	</population>
	<population>
		<area>울주군</area>
		<total>222711</total>
		<man>114911</man>
		<woman>107800</woman>
	</population>
	<population>
		<area>세종특별자치시</area>
		<total>344792</total>
		<man>171951</man>
		<woman>172841</woman>
	</population>
	<population>
		<area>세종시</area>
		<total>344792</total>
		<man>171951</man>
		<woman>172841</woman>
	</population>
	<population>
		<area>경기도</area>
		<total>13288975</total>
		<man>6684759</man>
		<woman>6604216</woman>
	</population>
	<population>
		<area>수원시</area>
		<total>1192762</total>
		<man>600550</man>
		<woman>592212</woman>
	</population>
	<population>
		<area>장안구</area>
		<total>276842</total>
		<man>139438</man>
		<woman>137404</woman>
	</population>
	<population>
		<area>권선구</area>
		<total>370922</total>
		<man>187153</man>
		<woman>183769</woman>
	</population>
	<population>
		<area>팔달구</area>
		<total>175533</total>
		<man>88411</man>
		<woman>87122</woman>
	</population>
	<population>
		<area>영통구</area>
		<total>369465</total>
		<man>185548</man>
		<woman>183917</woman>
	</population>
	<population>
		<area>성남시</area>
		<total>941688</total>
		<man>466115</man>
		<woman>475573</woman>
	</population>
	<population>
		<area>수정구</area>
		<total>234421</total>
		<man>118479</man>
		<woman>115942</woman>
	</population>
	<population>
		<area>중원구</area>
		<total>219408</total>
		<man>111141</man>
		<woman>108267</woman>
	</population>
	<population>
		<area>분당구</area>
		<total>487859</total>
		<man>236495</man>
		<woman>251364</woman>
	</population>
	<population>
		<area>의정부시</area>
		<total>453679</total>
		<man>223534</man>
		<woman>230145</woman>
	</population>
	<population>
		<area>안양시</area>
		<total>561966</total>
		<man>278194</man>
		<woman>283772</woman>
	</population>
	<population>
		<area>만안구</area>
		<total>241916</total>
		<man>121227</man>
		<woman>120689</woman>
	</population>
	<population>
		<area>동안구</area>
		<total>320050</total>
		<man>156967</man>
		<woman>163083</woman>
	</population>
	<population>
		<area>부천시</area>
		<total>827132</total>
		<man>410853</man>
		<woman>416279</woman>
	</population>
	<population>
		<area>광명시</area>
		<total>316220</total>
		<man>156128</man>
		<woman>160092</woman>
	</population>
	<population>
		<area>평택시</area>
		<total>519124</total>
		<man>267360</man>
		<woman>251764</woman>
	</population>
	<population>
		<area>동두천시</area>
		<total>94231</total>
		<man>47048</man>
		<woman>47183</woman>
	</population>
	<population>
		<area>안산시</area>
		<total>652763</total>
		<man>334625</man>
		<woman>318138</woman>
	</population>
	<population>
		<area>상록구</area>
		<total>347334</total>
		<man>177110</man>
		<woman>170224</woman>
	</population>
	<population>
		<area>단원구</area>
		<total>305429</total>
		<man>157515</man>
		<woman>147914</woman>
	</population>
	<population>
		<area>고양시</area>
		<total>1072909</total>
		<man>525756</man>
		<woman>547153</woman>
	</population>
	<population>
		<area>덕양구</area>
		<total>471039</total>
		<man>233101</man>
		<woman>237938</woman>
	</population>
	<population>
		<area>일산동구</area>
		<total>298863</total>
		<man>145533</man>
		<woman>153330</woman>
	</population>
	<population>
		<area>일산서구</area>
		<total>303007</total>
		<man>147122</man>
		<woman>155885</woman>
	</population>
	<population>
		<area>과천시</area>
		<total>58280</total>
		<man>28633</man>
		<woman>29647</woman>
	</population>
	<population>
		<area>구리시</area>
		<total>199099</total>
		<man>98873</man>
		<woman>100226</woman>
	</population>
	<population>
		<area>남양주시</area>
		<total>705264</total>
		<man>351413</man>
		<woman>353851</woman>
	</population>
	<population>
		<area>오산시</area>
		<total>227112</total>
		<man>117359</man>
		<woman>109753</woman>
	</population>
	<population>
		<area>시흥시</area>
		<total>477425</total>
		<man>249786</man>
		<woman>227639</woman>
	</population>
	<population>
		<area>군포시</area>
		<total>275960</total>
		<man>137040</man>
		<woman>138920</woman>
	</population>
	<population>
		<area>의왕시</area>
		<total>164602</total>
		<man>82016</man>
		<woman>82586</woman>
	</population>
	<population>
		<area>하남시</area>
		<total>277431</total>
		<man>139324</man>
		<woman>138107</woman>
	</population>
	<population>
		<area>용인시</area>
		<total>1065613</total>
		<man>528764</man>
		<woman>536849</woman>
	</population>
	<population>
		<area>처인구</area>
		<total>254216</total>
		<man>130255</man>
		<woman>123961</woman>
	</population>
	<population>
		<area>기흥구</area>
		<total>438790</total>
		<man>216733</man>
		<woman>222057</woman>
	</population>
	<population>
		<area>수지구</area>
		<total>372607</total>
		<man>181776</man>
		<woman>190831</woman>
	</population>
	<population>
		<area>파주시</area>
		<total>454494</total>
		<man>230790</man>
		<woman>223704</woman>
	</population>
	<population>
		<area>이천시</area>
		<total>216404</total>
		<man>111554</man>
		<woman>104850</woman>
	</population>
	<population>
		<area>안성시</area>
		<total>183751</total>
		<man>94481</man>
		<woman>89270</woman>
	</population>
	<population>
		<area>김포시</area>
		<total>443071</total>
		<man>222353</man>
		<woman>220718</woman>
	</population>
	<population>
		<area>화성시</area>
		<total>827603</total>
		<man>428761</man>
		<woman>398842</woman>
	</population>
	<population>
		<area>광주시</area>
		<total>374913</total>
		<man>191945</man>
		<woman>182968</woman>
	</population>
	<population>
		<area>양주시</area>
		<total>223704</total>
		<man>113515</man>
		<woman>110189</woman>
	</population>
	<population>
		<area>포천시</area>
		<total>147853</total>
		<man>78050</man>
		<woman>69803</woman>
	</population>
	<population>
		<area>여주시</area>
		<total>111083</total>
		<man>56415</man>
		<woman>54668</woman>
	</population>
	<population>
		<area>연천군</area>
		<total>43552</total>
		<man>22858</man>
		<woman>20694</woman>
	</population>
	<population>
		<area>가평군</area>
		<total>62262</total>
		<man>31990</man>
		<woman>30272</woman>
	</population>
	<population>
		<area>양평군</area>
		<total>117025</total>
		<man>58676</man>
		<woman>58349</woman>
	</population>
	<population>
		<area>강원도</area>
		<total>1538577</total>
		<man>773983</man>
		<woman>764594</woman>
	</population>
	<population>
		<area>춘천시</area>
		<total>281688</total>
		<man>138977</man>
		<woman>142711</woman>
	</population>
	<population>
		<area>원주시</area>
		<total>351154</total>
		<man>174379</man>
		<woman>176775</woman>
	</population>
	<population>
		<area>강릉시</area>
		<total>213143</total>
		<man>105665</man>
		<woman>107478</woman>
	</population>
	<population>
		<area>동해시</area>
		<total>90263</total>
		<man>45731</man>
		<woman>44532</woman>
	</population>
	<population>
		<area>태백시</area>
		<total>43411</total>
		<man>21949</man>
		<woman>21462</woman>
	</population>
	<population>
		<area>속초시</area>
		<total>81689</total>
		<man>40398</man>
		<woman>41291</woman>
	</population>
	<population>
		<area>삼척시</area>
		<total>66088</total>
		<man>33491</man>
		<woman>32597</woman>
	</population>
	<population>
		<area>홍천군</area>
		<total>68630</total>
		<man>35140</man>
		<woman>33490</woman>
	</population>
	<population>
		<area>횡성군</area>
		<total>46307</total>
		<man>23690</man>
		<woman>22617</woman>
	</population>
	<population>
		<area>영월군</area>
		<total>38938</total>
		<man>20110</man>
		<woman>18828</woman>
	</population>
	<population>
		<area>평창군</area>
		<total>41817</total>
		<man>21424</man>
		<woman>20393</woman>
	</population>
	<population>
		<area>정선군</area>
		<total>37044</total>
		<man>19234</man>
		<woman>17810</woman>
	</population>
	<population>
		<area>철원군</area>
		<total>45220</total>
		<man>23561</man>
		<woman>21659</woman>
	</population>
	<population>
		<area>화천군</area>
		<total>24646</total>
		<man>13333</man>
		<woman>11313</woman>
	</population>
	<population>
		<area>양구군</area>
		<total>22301</total>
		<man>11806</man>
		<woman>10495</woman>
	</population>
	<population>
		<area>인제군</area>
		<total>31461</total>
		<man>17013</man>
		<woman>14448</woman>
	</population>
	<population>
		<area>고성군</area>
		<total>27064</total>
		<man>13981</man>
		<woman>13083</woman>
	</population>
	<population>
		<area>양양군</area>
		<total>27713</total>
		<man>14101</man>
		<woman>13612</woman>
	</population>
	<population>
		<area>충청북도</area>
		<total>1597639</total>
		<man>809369</man>
		<woman>788270</woman>
	</population>
	<population>
		<area>청주시</area>
		<total>840756</total>
		<man>423467</man>
		<woman>417289</woman>
	</population>
	<population>
		<area>서원구</area>
		<total>200775</total>
		<man>99676</man>
		<woman>101099</woman>
	</population>
	<population>
		<area>청원구</area>
		<total>194734</total>
		<man>99736</man>
		<woman>94998</woman>
	</population>
	<population>
		<area>상당구</area>
		<total>181403</total>
		<man>90322</man>
		<woman>91081</woman>
	</population>
	<population>
		<area>흥덕구</area>
		<total>263844</total>
		<man>133733</man>
		<woman>130111</woman>
	</population>
	<population>
		<area>충주시</area>
		<total>210423</total>
		<man>106420</man>
		<woman>104003</woman>
	</population>
	<population>
		<area>제천시</area>
		<total>133839</total>
		<man>67085</man>
		<woman>66754</woman>
	</population>
	<population>
		<area>보은군</area>
		<total>32760</total>
		<man>16500</man>
		<woman>16260</woman>
	</population>
	<population>
		<area>옥천군</area>
		<total>50791</total>
		<man>25596</man>
		<woman>25195</woman>
	</population>
	<population>
		<area>영동군</area>
		<total>48174</total>
		<man>23895</man>
		<woman>24279</woman>
	</population>
	<population>
		<area>증평군</area>
		<total>37341</total>
		<man>19345</man>
		<woman>17996</woman>
	</population>
	<population>
		<area>진천군</area>
		<total>81404</total>
		<man>42599</man>
		<woman>38805</woman>
	</population>
	<population>
		<area>괴산군</area>
		<total>37896</total>
		<man>19365</man>
		<woman>18531</woman>
	</population>
	<population>
		<area>음성군</area>
		<total>94709</total>
		<man>50139</man>
		<woman>44570</woman>
	</population>
	<population>
		<area>단양군</area>
		<total>29546</total>
		<man>14958</man>
		<woman>14588</woman>
	</population>
	<population>
		<area>충청남도</area>
		<total>2119749</total>
		<man>1080705</man>
		<woman>1039044</woman>
	</population>
	<population>
		<area>당진시</area>
		<total>166253</total>
		<man>87970</man>
		<woman>78283</woman>
	</population>
	<population>
		<area>천안시</area>
		<total>654259</total>
		<man>333551</man>
		<woman>320708</woman>
	</population>
	<population>
		<area>동남구</area>
		<total>259474</total>
		<man>131579</man>
		<woman>127895</woman>
	</population>
	<population>
		<area>서북구</area>
		<total>394785</total>
		<man>201972</man>
		<woman>192813</woman>
	</population>
	<population>
		<area>공주시</area>
		<total>105895</total>
		<man>53074</man>
		<woman>52821</woman>
	</population>
	<population>
		<area>보령시</area>
		<total>100787</total>
		<man>51027</man>
		<woman>49760</woman>
	</population>
	<population>
		<area>아산시</area>
		<total>313733</total>
		<man>162614</man>
		<woman>151119</woman>
	</population>
	<population>
		<area>서산시</area>
		<total>174629</total>
		<man>90543</man>
		<woman>84086</woman>
	</population>
	<population>
		<area>논산시</area>
		<total>118266</total>
		<man>59175</man>
		<woman>59091</woman>
	</population>
	<population>
		<area>계룡시</area>
		<total>42663</total>
		<man>21221</man>
		<woman>21442</woman>
	</population>
	<population>
		<area>금산군</area>
		<total>51904</total>
		<man>26145</man>
		<woman>25759</woman>
	</population>
	<population>
		<area>부여군</area>
		<total>66353</total>
		<man>32871</man>
		<woman>33482</woman>
	</population>
	<population>
		<area>서천군</area>
		<total>52494</total>
		<man>25952</man>
		<woman>26542</woman>
	</population>
	<population>
		<area>청양군</area>
		<total>31245</total>
		<man>15804</man>
		<woman>15441</woman>
	</population>
	<population>
		<area>홍성군</area>
		<total>100063</total>
		<man>49737</man>
		<woman>50326</woman>
	</population>
	<population>
		<area>예산군</area>
		<total>78881</total>
		<man>39587</man>
		<woman>39294</woman>
	</population>
	<population>
		<area>태안군</area>
		<total>62324</total>
		<man>31434</man>
		<woman>30890</woman>
	</population>
	<population>
		<area>전라북도</area>
		<total>1812936</total>
		<man>901252</man>
		<woman>911684</woman>
	</population>
	<population>
		<area>전주시</area>
		<total>655519</total>
		<man>322755</man>
		<woman>332764</woman>
	</population>
	<population>
		<area>완산구</area>
		<total>339291</total>
		<man>165361</man>
		<woman>173930</woman>
	</population>
	<population>
		<area>덕진구</area>
		<total>316228</total>
		<man>157394</man>
		<woman>158834</woman>
	</population>
	<population>
		<area>군산시</area>
		<total>268766</total>
		<man>135745</man>
		<woman>133021</woman>
	</population>
	<population>
		<area>익산시</area>
		<total>285431</total>
		<man>142205</man>
		<woman>143226</woman>
	</population>
	<population>
		<area>정읍시</area>
		<total>109951</total>
		<man>54501</man>
		<woman>55450</woman>
	</population>
	<population>
		<area>남원시</area>
		<total>81257</total>
		<man>39814</man>
		<woman>41443</woman>
	</population>
	<population>
		<area>김제시</area>
		<total>83570</total>
		<man>41441</man>
		<woman>42129</woman>
	</population>
	<population>
		<area>완주군</area>
		<total>92135</total>
		<man>47328</man>
		<woman>44807</woman>
	</population>
	<population>
		<area>진안군</area>
		<total>25621</total>
		<man>12931</man>
		<woman>12690</woman>
	</population>
	<population>
		<area>무주군</area>
		<total>24178</total>
		<man>12017</man>
		<woman>12161</woman>
	</population>
	<population>
		<area>장수군</area>
		<total>22277</total>
		<man>11096</man>
		<woman>11181</woman>
	</population>
	<population>
		<area>임실군</area>
		<total>28073</total>
		<man>14293</man>
		<woman>13780</woman>
	</population>
	<population>
		<area>순창군</area>
		<total>28155</total>
		<man>13671</man>
		<woman>14484</woman>
	</population>
	<population>
		<area>고창군</area>
		<total>55190</total>
		<man>27238</man>
		<woman>27952</woman>
	</population>
	<population>
		<area>부안군</area>
		<total>52813</total>
		<man>26217</man>
		<woman>26596</woman>
	</population>
	<population>
		<area>전라남도</area>
		<total>1859290</total>
		<man>933896</man>
		<woman>925394</woman>
	</population>
	<population>
		<area>목포시</area>
		<total>229009</total>
		<man>114138</man>
		<woman>114871</woman>
	</population>
	<population>
		<area>여수시</area>
		<total>281794</total>
		<man>143551</man>
		<woman>138243</woman>
	</population>
	<population>
		<area>순천시</area>
		<total>281873</total>
		<man>140597</man>
		<woman>141276</woman>
	</population>
	<population>
		<area>나주시</area>
		<total>114516</total>
		<man>57667</man>
		<woman>56849</woman>
	</population>
	<population>
		<area>광양시</area>
		<total>151372</total>
		<man>78834</man>
		<woman>72538</woman>
	</population>
	<population>
		<area>담양군</area>
		<total>46265</total>
		<man>23562</man>
		<woman>22703</woman>
	</population>
	<population>
		<area>곡성군</area>
		<total>28569</total>
		<man>13955</man>
		<woman>14614</woman>
	</population>
	<population>
		<area>구례군</area>
		<total>25976</total>
		<man>12647</man>
		<woman>13329</woman>
	</population>
	<population>
		<area>고흥군</area>
		<total>64581</total>
		<man>31295</man>
		<woman>33286</woman>
	</population>
	<population>
		<area>보성군</area>
		<total>41232</total>
		<man>19992</man>
		<woman>21240</woman>
	</population>
	<population>
		<area>화순군</area>
		<total>62493</total>
		<man>30938</man>
		<woman>31555</woman>
	</population>
	<population>
		<area>장흥군</area>
		<total>38333</total>
		<man>18625</man>
		<woman>19708</woman>
	</population>
	<population>
		<area>강진군</area>
		<total>35161</total>
		<man>16934</man>
		<woman>18227</woman>
	</population>
	<population>
		<area>해남군</area>
		<total>69804</total>
		<man>34459</man>
		<woman>35345</woman>
	</population>
	<population>
		<area>영암군</area>
		<total>54335</total>
		<man>27900</man>
		<woman>26435</woman>
	</population>
	<population>
		<area>무안군</area>
		<total>81409</total>
		<man>40836</man>
		<woman>40573</woman>
	</population>
	<population>
		<area>함평군</area>
		<total>32630</total>
		<man>16311</man>
		<woman>16319</woman>
	</population>
	<population>
		<area>영광군</area>
		<total>53625</total>
		<man>26716</man>
		<woman>26909</woman>
	</population>
	<population>
		<area>장성군</area>
		<total>45412</total>
		<man>23357</man>
		<woman>22055</woman>
	</population>
	<population>
		<area>완도군</area>
		<total>50431</total>
		<man>25346</man>
		<woman>25085</woman>
	</population>
	<population>
		<area>진도군</area>
		<total>30564</total>
		<man>15021</man>
		<woman>15543</woman>
	</population>
	<population>
		<area>신안군</area>
		<total>39906</total>
		<man>21215</man>
		<woman>18691</woman>
	</population>
	<population>
		<area>경상북도</area>
		<total>2653418</total>
		<man>1336289</man>
		<woman>1317129</woman>
	</population>
	<population>
		<area>포항시</area>
		<total>505479</total>
		<man>255465</man>
		<woman>250014</woman>
	</population>
	<population>
		<area>남구</area>
		<total>233066</total>
		<man>120030</man>
		<woman>113036</woman>
	</population>
	<population>
		<area>북구</area>
		<total>272413</total>
		<man>135435</man>
		<woman>136978</woman>
	</population>
	<population>
		<area>경주시</area>
		<total>254441</total>
		<man>127506</man>
		<woman>126935</woman>
	</population>
	<population>
		<area>김천시</area>
		<total>140609</total>
		<man>70481</man>
		<woman>70128</woman>
	</population>
	<population>
		<area>안동시</area>
		<total>159338</total>
		<man>78917</man>
		<woman>80421</woman>
	</population>
	<population>
		<area>구미시</area>
		<total>418436</total>
		<man>214573</man>
		<woman>203863</woman>
	</population>
	<population>
		<area>영주시</area>
		<total>104557</total>
		<man>51833</man>
		<woman>52724</woman>
	</population>
	<population>
		<area>영천시</area>
		<total>101630</total>
		<man>51685</man>
		<woman>49945</woman>
	</population>
	<population>
		<area>상주시</area>
		<total>98967</total>
		<man>48585</man>
		<woman>50382</woman>
	</population>
	<population>
		<area>문경시</area>
		<total>71527</total>
		<man>35038</man>
		<woman>36489</woman>
	</population>
	<population>
		<area>경산시</area>
		<total>263285</total>
		<man>132578</man>
		<woman>130707</woman>
	</population>
	<population>
		<area>군위군</area>
		<total>23614</total>
		<man>12069</man>
		<woman>11545</woman>
	</population>
	<population>
		<area>의성군</area>
		<total>52333</total>
		<man>25651</man>
		<woman>26682</woman>
	</population>
	<population>
		<area>청송군</area>
		<total>25340</total>
		<man>12651</man>
		<woman>12689</woman>
	</population>
	<population>
		<area>영양군</area>
		<total>16884</total>
		<man>8346</man>
		<woman>8538</woman>
	</population>
	<population>
		<area>영덕군</area>
		<total>36969</total>
		<man>17569</man>
		<woman>19400</woman>
	</population>
	<population>
		<area>청도군</area>
		<total>42727</total>
		<man>20976</man>
		<woman>21751</woman>
	</population>
	<population>
		<area>고령군</area>
		<total>31968</total>
		<man>16355</man>
		<woman>15613</woman>
	</population>
	<population>
		<area>성주군</area>
		<total>43682</total>
		<man>22604</man>
		<woman>21078</woman>
	</population>
	<population>
		<area>칠곡군</area>
		<total>115924</total>
		<man>60497</man>
		<woman>55427</woman>
	</population>
	<population>
		<area>예천군</area>
		<total>55452</total>
		<man>27261</man>
		<woman>28191</woman>
	</population>
	<population>
		<area>봉화군</area>
		<total>31951</total>
		<man>16077</man>
		<woman>15874</woman>
	</population>
	<population>
		<area>울진군</area>
		<total>48957</total>
		<man>24487</man>
		<woman>24470</woman>
	</population>
	<population>
		<area>울릉군</area>
		<total>9348</total>
		<man>5085</man>
		<woman>4263</woman>
	</population>
	<population>
		<area>경상남도</area>
		<total>3355341</total>
		<man>1689137</man>
		<woman>1666204</woman>
	</population>
	<population>
		<area>창원시</area>
		<total>1042260</total>
		<man>528140</man>
		<woman>514120</woman>
	</population>
	<population>
		<area>의창구</area>
		<total>262140</total>
		<man>133395</man>
		<woman>128745</woman>
	</population>
	<population>
		<area>성산구</area>
		<total>218233</total>
		<man>111503</man>
		<woman>106730</woman>
	</population>
	<population>
		<area>마산합포구</area>
		<total>175909</total>
		<man>87527</man>
		<woman>88382</woman>
	</population>
	<population>
		<area>마산회원구</area>
		<total>193295</total>
		<man>97155</man>
		<woman>96140</woman>
	</population>
	<population>
		<area>진해구</area>
		<total>192683</total>
		<man>98560</man>
		<woman>94123</woman>
	</population>
	<population>
		<area>진주시</area>
		<total>347546</total>
		<man>172040</man>
		<woman>175506</woman>
	</population>
	<population>
		<area>통영시</area>
		<total>130450</total>
		<man>65612</man>
		<woman>64838</woman>
	</population>
	<population>
		<area>사천시</area>
		<total>111517</total>
		<man>56237</man>
		<woman>55280</woman>
	</population>
	<population>
		<area>김해시</area>
		<total>542678</total>
		<man>274437</man>
		<woman>268241</woman>
	</population>
	<population>
		<area>밀양시</area>
		<total>105309</total>
		<man>51571</man>
		<woman>53738</woman>
	</population>
	<population>
		<area>거제시</area>
		<total>247487</total>
		<man>129979</man>
		<woman>117508</woman>
	</population>
	<population>
		<area>양산시</area>
		<total>351496</total>
		<man>176468</man>
		<woman>175028</woman>
	</population>
	<population>
		<area>의령군</area>
		<total>27040</total>
		<man>13202</man>
		<woman>13838</woman>
	</population>
	<population>
		<area>함안군</area>
		<total>65089</total>
		<man>32964</man>
		<woman>32125</woman>
	</population>
	<population>
		<area>창녕군</area>
		<total>61934</total>
		<man>30801</man>
		<woman>31133</woman>
	</population>
	<population>
		<area>고성군</area>
		<total>51946</total>
		<man>26058</man>
		<woman>25888</woman>
	</population>
	<population>
		<area>남해군</area>
		<total>43351</total>
		<man>20851</man>
		<woman>22500</woman>
	</population>
	<population>
		<area>하동군</area>
		<total>45934</total>
		<man>22875</man>
		<woman>23059</woman>
	</population>
	<population>
		<area>산청군</area>
		<total>35265</total>
		<man>17269</man>
		<woman>17996</woman>
	</population>
	<population>
		<area>함양군</area>
		<total>39404</total>
		<man>18991</man>
		<woman>20413</woman>
	</population>
	<population>
		<area>거창군</area>
		<total>61822</total>
		<man>30131</man>
		<woman>31691</woman>
	</population>
	<population>
		<area>합천군</area>
		<total>44813</total>
		<man>21511</man>
		<woman>23302</woman>
	</population>
	<population>
		<area>제주특별자치도</area>
		<total>670508</total>
		<man>337055</man>
		<woman>333453</woman>
	</population>
	<population>
		<area>제주시</area>
		<total>489271</total>
		<man>245378</man>
		<woman>243893</woman>
	</population>
	<population>
		<area>서귀포시</area>
		<total>181237</total>
		<man>91677</man>
		<woman>89560</woman>
	</population>
</root>